{
    "10": {
        "0.1": {
            "q": 0.31810498237609863,
            "y_preds_46": 3.4510788917541504
        },
        "0.2": {
            "q": 0.31810498237609863,
            "y_preds_46": 3.4510788917541504
        },
        "0.3": {
            "q": 0.13649606704711914,
            "y_preds_46": 3.4510788917541504
        },
        "0.4": {
            "q": 0.11080026626586914,
            "y_preds_46": 3.4510788917541504
        },
        "0.5": {
            "q": 0.09874105453491211,
            "y_preds_46": 3.4510788917541504
        },
        "0.6": {
            "q": 0.0677497386932373,
            "y_preds_46": 3.4510788917541504
        },
        "0.7": {
            "q": 0.06104230880737305,
            "y_preds_46": 3.4510788917541504
        },
        "0.8": {
            "q": 0.06062459945678711,
            "y_preds_46": 3.4510788917541504
        },
        "0.9": {
            "q": 0.0556788444519043,
            "y_preds_46": 3.4510788917541504
        },
        "1.0": {
            "q": 0.020357608795166016,
            "y_preds_46": 3.4510788917541504
        }
    },
    "12": {
        "0.1": {
            "q": 0.5617587566375732,
            "y_preds_46": 3.563100814819336
        },
        "0.2": {
            "q": 0.5617587566375732,
            "y_preds_46": 3.563100814819336
        },
        "0.3": {
            "q": 0.3279242515563965,
            "y_preds_46": 3.563100814819336
        },
        "0.4": {
            "q": 0.23314189910888672,
            "y_preds_46": 3.563100814819336
        },
        "0.5": {
            "q": 0.21857571601867676,
            "y_preds_46": 3.563100814819336
        },
        "0.6": {
            "q": 0.14464735984802246,
            "y_preds_46": 3.563100814819336
        },
        "0.7": {
            "q": 0.10128545761108398,
            "y_preds_46": 3.563100814819336
        },
        "0.8": {
            "q": 0.07539820671081543,
            "y_preds_46": 3.563100814819336
        },
        "0.9": {
            "q": 0.07261538505554199,
            "y_preds_46": 3.563100814819336
        },
        "1.0": {
            "q": 0.012653112411499023,
            "y_preds_46": 3.563100814819336
        }
    },
    "14": {
        "0.1": {
            "q": 0.7263000011444092,
            "y_preds_46": 3.2764391899108887
        },
        "0.2": {
            "q": 0.6693217754364014,
            "y_preds_46": 3.2764391899108887
        },
        "0.3": {
            "q": 0.5822811126708984,
            "y_preds_46": 3.2764391899108887
        },
        "0.4": {
            "q": 0.3545341491699219,
            "y_preds_46": 3.2764391899108887
        },
        "0.5": {
            "q": 0.2359018325805664,
            "y_preds_46": 3.2764391899108887
        },
        "0.6": {
            "q": 0.1683213710784912,
            "y_preds_46": 3.2764391899108887
        },
        "0.7": {
            "q": 0.1659250259399414,
            "y_preds_46": 3.2764391899108887
        },
        "0.8": {
            "q": 0.05182933807373047,
            "y_preds_46": 3.2764391899108887
        },
        "0.9": {
            "q": 0.03391551971435547,
            "y_preds_46": 3.2764391899108887
        },
        "1.0": {
            "q": 0.00658869743347168,
            "y_preds_46": 3.2764391899108887
        }
    },
    "16": {
        "0.1": {
            "q": 0.4374849796295166,
            "y_preds_46": 3.403175115585327
        },
        "0.2": {
            "q": 0.42069363594055176,
            "y_preds_46": 3.403175115585327
        },
        "0.3": {
            "q": 0.19680500030517578,
            "y_preds_46": 3.403175115585327
        },
        "0.4": {
            "q": 0.11716961860656738,
            "y_preds_46": 3.403175115585327
        },
        "0.5": {
            "q": 0.0982518196105957,
            "y_preds_46": 3.403175115585327
        },
        "0.6": {
            "q": 0.07730603218078613,
            "y_preds_46": 3.403175115585327
        },
        "0.7": {
            "q": 0.06828069686889648,
            "y_preds_46": 3.403175115585327
        },
        "0.8": {
            "q": 0.05595564842224121,
            "y_preds_46": 3.403175115585327
        },
        "0.9": {
            "q": 0.03395652770996094,
            "y_preds_46": 3.403175115585327
        },
        "1.0": {
            "q": 0.01605510711669922,
            "y_preds_46": 3.403175115585327
        }
    },
    "18": {
        "0.1": {
            "q": 1.6538197994232178,
            "y_preds_46": 3.476585626602173
        },
        "0.2": {
            "q": 0.9213216304779053,
            "y_preds_46": 3.476585626602173
        },
        "0.3": {
            "q": 0.5794684886932373,
            "y_preds_46": 3.476585626602173
        },
        "0.4": {
            "q": 0.24689698219299316,
            "y_preds_46": 3.476585626602173
        },
        "0.5": {
            "q": 0.10866379737854004,
            "y_preds_46": 3.476585626602173
        },
        "0.6": {
            "q": 0.07097387313842773,
            "y_preds_46": 3.476585626602173
        },
        "0.7": {
            "q": 0.05507779121398926,
            "y_preds_46": 3.476585626602173
        },
        "0.8": {
            "q": 0.05271315574645996,
            "y_preds_46": 3.476585626602173
        },
        "0.9": {
            "q": 0.03484010696411133,
            "y_preds_46": 3.476585626602173
        },
        "1.0": {
            "q": 0.01828742027282715,
            "y_preds_46": 3.476585626602173
        }
    },
    "20": {
        "0.1": {
            "q": 1.29679536819458,
            "y_preds_46": 3.430305242538452
        },
        "0.2": {
            "q": 0.48818063735961914,
            "y_preds_46": 3.430305242538452
        },
        "0.3": {
            "q": 0.2627899646759033,
            "y_preds_46": 3.430305242538452
        },
        "0.4": {
            "q": 0.13684535026550293,
            "y_preds_46": 3.430305242538452
        },
        "0.5": {
            "q": 0.10053896903991699,
            "y_preds_46": 3.430305242538452
        },
        "0.6": {
            "q": 0.09043455123901367,
            "y_preds_46": 3.430305242538452
        },
        "0.7": {
            "q": 0.06892609596252441,
            "y_preds_46": 3.430305242538452
        },
        "0.8": {
            "q": 0.06675124168395996,
            "y_preds_46": 3.430305242538452
        },
        "0.9": {
            "q": 0.052378177642822266,
            "y_preds_46": 3.430305242538452
        },
        "1.0": {
            "q": 0.02892470359802246,
            "y_preds_46": 3.430305242538452
        }
    }
}