{
    "14": {
        "0.1": {
            "q": 1.2390565872192383,
            "y_preds_46": 3.5544638633728027
        },
        "0.2": {
            "q": 0.47839975357055664,
            "y_preds_46": 3.5544638633728027
        },
        "0.3": {
            "q": 0.47452306747436523,
            "y_preds_46": 3.5544638633728027
        },
        "0.4": {
            "q": 0.1656482219696045,
            "y_preds_46": 3.5544638633728027
        },
        "0.5": {
            "q": 0.16397523880004883,
            "y_preds_46": 3.5544638633728027
        },
        "0.6": {
            "q": 0.11806464195251465,
            "y_preds_46": 3.5544638633728027
        },
        "0.7": {
            "q": 0.09631776809692383,
            "y_preds_46": 3.5544638633728027
        },
        "0.8": {
            "q": 0.07694625854492188,
            "y_preds_46": 3.5544638633728027
        },
        "0.9": {
            "q": 0.07505464553833008,
            "y_preds_46": 3.5544638633728027
        },
        "1.0": {
            "q": 0.023977994918823242,
            "y_preds_46": 3.5544638633728027
        }
    }
}